,user1,user2
0,sam__izdat,Illustrious_Row_9971
1,th3nolo,DyktMuffinManwlodl
2,sunbunnyprime,themusicdude1997
3,AutoModerator,Ill-Equivalent7859
4,Soundwave_47,sam__izdat
5,sunbunnyprime,JurgenSchmidthuber
6,AutoModerator,Ill-Equivalent7859
7,Remarkable_Ad9528,AlesioRFM
8,BlazeObsidian,ProfessionalOverall8
9,kbillore,jsonathan
10,tysam_and_co,tysam_and_co
11,Remarkable_Ad9528,_sshin_
12,daking999,MurlocXYZ
13,sam__izdat,mycall
14,Myxomatosiss,MurlocXYZ
15,RunCodeCook,TikkunCreation
16,aicharades,ShermanTSE
17,mycall,bballerkt7
18,thundergolfer,PHEEEEELLLLLEEEEP
19,AutoModerator,Potential-Entrance92
20,big_gondola,belacscole
21,bballerkt7,radi-cho
22,JustSomeMemelord,MurlocXYZ
23,I_will_delete_myself,TheImminentFate
24,master3243,pommedeterresautee
25,alayaMatrix,DonRybron
26,I_will_delete_myself,konrradozuse
27,belacscole,radi-cho
28,I_will_delete_myself,m00nd0og
29,colugo,MurlocXYZ
30,CatalyzeX_code_bot,Just0by
31,MurlocXYZ,dustintran
32,dustintran,MurlocXYZ
33,rust_dfdx,SwayStar123
34,Juenjie,jryoungw2035
35,PHEEEEELLLLLEEEEP,thundergolfer
36,Dendriform1491,walterkronkite33
37,Worldly_Arrival_496,meddit_app
38,AutoModerator,Tight-Face-5682
39,ferndoll6677,vzq
40,LetGoAndBeReal,helliun
41,EnjoyableGamer,MurlocXYZ
42,ArnoF7,ibraheemMmoosa
43,Chamrockk,TikkunCreation
44,thundergolfer,TikkunCreation
45,M00n_Life,helliun
46,machineko,askingforhelp1111
47,ClassicSize7875,ClassicSize7875
48,leeliop,t0ns0fph0t0ns
49,AutoModerator,walterkronkite33
50,ArnoF7,MurlocXYZ
51,AutoModerator,somebodyenjoy
52,starfries,new_name_who_dis_
53,new_name_who_dis_,starfries
54,MiuraDude,TikkunCreation
55,Lampshader,omgpop
56,quinn_musk,ok531441
57,berryaroberry,MurlocXYZ
58,starfries,new_name_who_dis_
59,helliun,LetGoAndBeReal
60,Ronny_Jotten,MurlocXYZ
61,LetGoAndBeReal,helliun
62,thecodethinker,keepthepace
63,new_name_who_dis_,starfries
64,Illustrious_Row_9971,radi-cho
65,soMeone-from-AjaX,WholeReward9042
66,starfries,new_name_who_dis_
67,radi-cho,radi-cho
68,ajt9000,ghoul_chilli_pepper
69,radi-cho,radi-cho
70,keepthepace,thecodethinker
71,radi-cho,radi-cho
72,AutoModerator,patricky168
73,ghoul_chilli_pepper,ajt9000
74,tdgros,t0ns0fph0t0ns
75,ok531441,quinn_musk
76,AutoModerator,LesleyFair
77,thecodethinker,keepthepace
78,ProglabHelper,ProglabHelper
79,AutoModerator,ProglabHelper
80,AutoModerator,genolve
81,CamBG,ReachingForVega
82,new_name_who_dis_,starfries
83,currentscurrents,That_Violinist_18
84,ReachingForVega,ajt9000
85,ReachingForVega,CamBG
86,ReachingForVega,ajt9000
87,AutoModerator,quinn_musk
88,TikkunCreation,0lecinator
89,omgpop,Lampshader
90,ajt9000,zfinder
91,ajt9000,SUP3RGR33N
92,Lampshader,omgpop
93,AutoModerator,DementorYura
94,Lampshader,walter_midnight
95,Lampshader,omgpop
96,Zyansheep,lucidhominid
97,Acceptable_Code_4462,Gaja__
98,KKevin9772,Thebombdiggityy
99,ArnoF7,konrradozuse
100,Gaja__,Acceptable_Code_4462
101,Aromatic_Accident_77,Such_Drink_4621
102,ProfessionalOverall8,BlazeObsidian
103,ProfessionalOverall8,ProfessionalOverall8
104,lucidhominid,Zyansheep
105,_Arsenie_Boca_,supersoldierboy94
106,Furry_Jesus,ronoudgenoeg
107,AutoModerator,Mkengelo
108,lucidhominid,Dont_Think_So
109,konrradozuse,ArnoF7
110,prehensile_dick,t0ns0fph0t0ns
111,screaming_bagpipes,OnlyProductiveSubs
112,screaming_bagpipes,AlesioRFM
113,starfries,new_name_who_dis_
114,ArnoF7,konrradozuse
115,Feeling_Card_4162,KarmaQueenOfficial
116,lifesthateasy,ustainbolt
117,pieroit,Singularian2501
118,AutoModerator,ustainbolt
119,Urebas,trnka
120,Dylan_TMB,_Redone
121,Dylan_TMB,_Redone
122,new_name_who_dis_,starfries
123,starfries,new_name_who_dis_
124,EuphoricPenguin22,Rieux_n_Tarrou
125,No_Network_3714,logsinh
126,Nhabls,ajt9000
127,0lecinator,TikkunCreation
128,Tlaloc-Es,a_user_to_ask
129,Acceptable_Code_4462,Gaja__
130,shawntan,haukzi
131,Altruistic_Rate6053,fallofanempiregame
132,blackkettle,helliun
133,_Redone,big_ol_tender
134,big_ol_tender,_Redone
135,Zyansheep,ajt9000
136,Bobaloo1984,Gaja__
137,AutoModerator,Glum_Albatross_400
138,shinypenny01,EmmyNoetherRing
139,MrEloi,throwaway957280
140,AutoModerator,TheAgileRock
141,Dont_Think_So,dankvaporeon
142,YungMixtape2004,PigException
143,dankvaporeon,Gloomy_Day5305
144,TankorSmash,dankvaporeon
145,dataslacker,Nameless1995
146,dancingnightly,helliun
147,ronoudgenoeg,EmmyNoetherRing
148,Gaja__,FrancisStokes
149,GenericNameRandomNum,fallofanempiregame
150,1973DodgeChallenger,MysteryInc152
151,ronoudgenoeg,Furry_Jesus
152,FrancisStokes,Gaja__
153,AutoModerator,steve_33
154,TikkunCreation,big_ol_tender
155,otokkimi,omgpop
156,big_ol_tender,TikkunCreation
157,AutoModerator,sn71
158,The-Last-Lion-Turtle,_Redone
159,ajt9000,fmfbrestel
160,Gloomy_Day5305,dankvaporeon
161,beautifoolstupid,Rieux_n_Tarrou
162,AutoModerator,_Redone
163,Responsible-Item-706,lanky_cowriter
164,Main_Mathematician77,huehue12132
165,gullydowny,Wiskkey
166,ReginaldIII,helliun
167,nerdymomocat,maxip89
168,helliun,dancingnightly
169,AutoModerator,XyBr_ez
170,throwaway957280,OptimizedGarbage
171,helliun,blackkettle
172,squareOfTwo,WokeAssBaller
173,AutoModerator,Temporary_Roll_3466
174,helliun,ReginaldIII
175,blackkettle,helliun
176,dats_ah_numba_wang,amassivek
177,Rieux_n_Tarrou,beautifoolstupid
178,PigException,YungMixtape2004
179,Rieux_n_Tarrou,EuphoricPenguin22
180,dancingnightly,helliun
181,ReginaldIII,helliun
182,EssSocials,walter_midnight
183,EssSocials,Furry_Jesus
184,Gaja__,Bobaloo1984
185,omgpop,walter_midnight
186,kaeptnphlop,TikiTDO
187,fmfbrestel,huehue12132
188,julianmas,AlesioRFM
189,dankvaporeon,DyktMuffinManwlodl
190,Responsible-Item-706,AlesioRFM
191,keepthepace,ReadSeparate
192,liquiddandruff,EnderMB
193,AutoModerator,ResponsibilityNo914
194,DonRybron,noobgolang
195,the320x200,Commyende
196,EnderMB,liquiddandruff
197,EnderMB,new_name_who_dis_
198,KarmaQueenOfficial,AutoModerator
199,AutoModerator,Adventurous-Quote180
200,MrBeforeMyTime,huehue12132
201,bluePostItNote,Wrandraall
202,AutoModerator,AlexandraTheeAuthor
203,AutoModerator,Sensitive_Age_2284
204,redditneight,throwaway2676
205,SUP3RGR33N,DyktMuffinManwlodl
206,liquiddandruff,EnderMB
207,suflaj,mil24havoc
208,mil24havoc,suflaj
209,haukzi,shawntan
210,cantfindaname2take,morebikesthanbrains
211,itsmeabdullah,helliun
212,zyl1024,MadaraGodModLK69
213,MrBIMC,bloodmummy
214,Wiskkey,Wiskkey
215,cantfindaname2take,cajmorgans
216,DyktMuffinManwlodl,zfinder
217,jerha202,throwaway957280
218,DyktMuffinManwlodl,new_name_who_dis_
219,AutoModerator,Alarming-Recipe2857
220,Appropriate_Fish_451,t0ns0fph0t0ns
221,vzq,t0ns0fph0t0ns
222,keepthepace,new_name_who_dis_
223,new_name_who_dis_,EnderMB
224,Wrandraall,EmmyNoetherRing
225,new_name_who_dis_,keepthepace
226,Alarming-Recipe2857,Alarming-Recipe2857
227,new_name_who_dis_,CamBG
228,eskay8,EmmyNoetherRing
229,AutoModerator,Alarming-Recipe2857
230,Truntetisseman,ihaveibg
231,AsIAm,__lawless
232,AutoModerator,YungMixtape2004
233,TikiTDO,omgpop
234,__lawless,AsIAm
235,0x00A0C0,throwaway957280
236,TikiTDO,Commyende
237,brews,ajt9000
238,t0ns0fph0t0ns,t0ns0fph0t0ns
239,mayssi,CamBG
240,morebikesthanbrains,ajt9000
241,AsIAm,__lawless
242,AsIAm,Calm_Motor4162
243,omgpop,Commyende
244,walter_midnight,huehue12132
245,walter_midnight,Lampshader
246,__lawless,m00nd0og
247,keepthepace,thecodethinker
248,walter_midnight,Furry_Jesus
249,ArbitraryMeritocracy,ajt9000
250,RemindMeBot,aarz03
251,aarz03,CeFurkan
252,alexnapierholland,thundergolfer
253,aarz03,AlesioRFM
254,Disastrous_Elk_6375,ihaveibg
255,talkstothedark,CamBG
256,thecodethinker,keepthepace
257,bloodmummy,MrBIMC
258,AutoModerator,vinaych
259,harharveryfunny,SatoshiNotMe
260,serge_cell,Furry_Jesus
261,Commyende,EmmyNoetherRing
262,Commyende,lukemtesta
263,some_clickhead,zfinder
264,italianjob16,ZeoChill
265,EmmyNoetherRing,huehue12132
266,That_Violinist_18,currentscurrents
267,justneurostuff,ajt9000
268,EmmyNoetherRing,lukemtesta
269,Bobaloo1984,ajt9000
270,venustrapsflies,dasdull
271,EmmyNoetherRing,zfinder
272,__lawless,ihaveibg
273,SatoshiNotMe,seraschka
274,TheTerrasque,Lampshader
275,AutoModerator,ABDULKADER90H
276,AutoModerator,Puzzleheaded-Ad-5555
277,EnderMB,Furry_Jesus
278,SatoshiNotMe,throwaway957280
279,Didicito,sapnupuasop
280,helliun,helliun
281,a_user_to_ask,Tlaloc-Es
282,VertexMachine,ajt9000
283,gulliblefrog69,ajt9000
284,AutoModerator,kushal150699
285,MrBIMC,Furry_Jesus
286,cajmorgans,t0t0t4t4
287,CardboardDreams,huehue12132
288,omgpop,Lampshader
289,cajmorgans,Paptasje
290,groovysalamander,QadriShyaari
291,keepthepace,zfinder
292,zfinder,mr_birrd
293,Such_Drink_4621,fallofanempiregame
294,mr_birrd,zfinder
295,AutoModerator,Active_Mango_9072
296,CamBG,Furry_Jesus
297,zfinder,dasdull
298,TheBigBoy101,AlesioRFM
299,Lampshader,lukemtesta
300,lukemtesta,Furry_Jesus
301,aadityaura,Damitrix
302,Malignant-Koala,Gullible-Mousse-4258
303,Paptasje,throwaway957280
304,-Alexandros,johnwireds
305,Gullible-Mousse-4258,Disastrous_Elk_6375
306,digikar,throwaway957280
307,Gullible-Mousse-4258,Malignant-Koala
308,r4and0muser9482,r4and0muser9482
309,suflaj,sapnupuasop
310,dasdull,Furry_Jesus
311,suflaj,mil24havoc
312,beautifoolstupid,Rieux_n_Tarrou
313,ZeoChill,Furry_Jesus
314,sorgan71,Ubizwa
315,IcySnowy,AutoModerator
316,Furry_Jesus,ajt9000
317,QadriShyaari,fallofanempiregame
318,konrradozuse,Rhannmah
319,Damitrix,aadityaura
320,Usual_Neighborhood74,Nhabls
321,huehue12132,ajt9000
322,aicharades,aicharades
323,muntoo,endless_sea_of_stars
324,swappybizz,throwaway957280
325,MonsieurBlunt,aadityaura
326,BackgroundPass2082,Cultural-Bag-1887
327,erf_x,currentscurrents
328,starfries,A_Light_Spark
329,mikljohansson,TikkunCreation
330,A_Light_Spark,starfries
331,Ulfgardleo,BrotherAmazing
332,sapnupuasop,leonardtang
333,met0xff,throwaway957280
334,accidentally_myself,ktpr
335,humblesquirrelking,_sshin_
336,SwayStar123,throwaway957280
337,Disastrous_Elk_6375,Maximum-Geologist-98
338,starfries,A_Light_Spark
339,AutoModerator,uotsca
340,oskurovic,t0t0t4t4
341,Maximum-Geologist-98,throwaway957280
342,muchcharles,t0t0t4t4
343,No-Garlic9132,throwaway957280
344,No_Network_3714,logsinh
345,OptimizedGarbage,DoxxThis1
346,MysteryInc152,1973DodgeChallenger
347,DoxxThis1,OptimizedGarbage
348,AutoModerator,1973DodgeChallenger
349,lmericle,WokeAssBaller
350,AutoModerator,FriendshipProud1198
351,Vivid-Vibe,_sshin_
352,noobgolang,t0t0t4t4
353,Zei33,iFighting
354,Zei33,throwaway2676
355,throwaway2676,Zei33
356,jloverich,Calm_Motor4162
357,AutoModerator,Ferocious_Armadillo
358,AutoModerator,ClassicSize7875
359,A_Light_Spark,Trakeen
360,Downchuck,leonardtang
361,onlymagik,asdfzzz2
362,the_dreaded_OOM,Jean-Porte
363,MattRix,SatoshiNotMe
364,asdfzzz2,onlymagik
365,Rhannmah,t0t0t4t4
366,AutoModerator,AI4Tigray
367,AutoModerator,AI4Tigray
368,newpapapa1122,kinkhis
369,sloganking,Dalembert
370,OptimizedGarbage,throwaway957280
371,WokeAssBaller,throwaway957280
372,__lawless,wittfm
373,farmingvillein,impossiblefork
374,tyranids,jloverich
375,Franck_Dernoncourt,Sola_Maratha
376,AutoModerator,hoerzu
377,eigenham,currentscurrents
378,Calm_Motor4162,throwaway957280
379,currentscurrents,eigenham
380,mil24havoc,throwaway957280
381,__lawless,throwaway957280
382,jloverich,throwaway957280
383,wittfm,throwaway957280
384,BrotherAmazing,themusicdude1997
385,BrotherAmazing,Ulfgardleo
386,AutoModerator,Darkemflakes
387,EuphoricPenguin22,Rieux_n_Tarrou
388,eigenham,impossiblefork
389,dancingnightly,beautifoolstupid
390,Insecure--Login,londons_explorer
391,currentscurrents,norcalnatv
392,Chamrockk,seraschka
393,SweatyBicycle9758,_sshin_
394,SweatyBicycle9758,Mobile-Bird-6908
395,truchisoft,Verkvae
396,WildlifePhysics,valdanylchuk
397,impossiblefork,t0t0t4t4
398,integralofetothex2,slucker23
399,integralofetothex2,rjromero
400,integralofetothex2,2blazen
401,jms4607,Mobile-Bird-6908
402,integralofetothex2,AlesioRFM
403,_sphinxfire,_sshin_
404,Mobile-Bird-6908,maxip89
405,Mobile-Bird-6908,endless_sea_of_stars
406,karit00,nonotan
407,CallMeInfinitay,iFighting
408,currentscurrents,t0t0t4t4
409,seraschka,lakesObacon
410,Trakeen,A_Light_Spark
411,AutoModerator,Kodibot
412,WokeAssBaller,seraschka
413,lakesObacon,seraschka
414,JEFFREY_EPSTElN,answersareallyouneed
415,EdwardRaff,answersareallyouneed
416,lanky_cowriter,_sshin_
417,Meddhouib10,nerfcarolina
418,nerfcarolina,Meddhouib10
419,is_it_fun,Trakeen
420,Meddhouib10,nerfcarolina
421,BlkVeganEngineer,rooney119
422,nerfcarolina,Meddhouib10
423,currentscurrents,iFighting
424,_poisonedrationality,_sshin_
425,AutoModerator,KimchiFitness
426,aidenr,Dalembert
427,dahdarknite,MysteryInc152
428,currentscurrents,goj-145
429,bik1230,_sshin_
430,edunuke,ZestyData
431,VelveteenAmbush,Nearfreak
432,Rieux_n_Tarrou,SatoshiNotMe
433,Nhabls,StickiStickman
434,Rieux_n_Tarrou,DreamWithinAMatrix
435,le_pouding,AlesioRFM
436,le_pouding,AlesioRFM
437,mskogly,Verkvae
438,Iunaml,ktpr
439,Nearfreak,Trakeen
440,unobservant_bot,AutoModerator
441,AutoModerator,Darkemflakes
442,A_Light_Spark,Trakeen
443,mutant666br,_sshin_
444,Severe_Sweet_862,trnka
445,LetterRip,norcalnatv
446,Trakeen,radarsat1
447,trnka,Severe_Sweet_862
448,Trakeen,A_Light_Spark
449,ktpr,endless_sea_of_stars
450,ktpr,Trakeen
451,Himalun,norcalnatv
452,gorkem2159,Rubinamohsin3
453,endless_sea_of_stars,Iunaml
454,SatoshiNotMe,Rieux_n_Tarrou
455,A_Light_Spark,import_social-wit
456,acdjent,Verkvae
457,import_social-wit,A_Light_Spark
458,sweatierorc,goj-145
459,A_Light_Spark,Trakeen
