,user
0,sam__izdat
1,Illustrious_Row_9971
2,th3nolo
3,DyktMuffinManwlodl
4,sunbunnyprime
5,themusicdude1997
6,AutoModerator
7,Ill-Equivalent7859
8,Soundwave_47
9,sam__izdat
10,sunbunnyprime
11,JurgenSchmidthuber
12,AutoModerator
13,Ill-Equivalent7859
14,Remarkable_Ad9528
15,AlesioRFM
16,BlazeObsidian
17,ProfessionalOverall8
18,kbillore
19,jsonathan
20,tysam_and_co
21,tysam_and_co
22,Remarkable_Ad9528
23,_sshin_
24,daking999
25,MurlocXYZ
26,sam__izdat
27,mycall
28,Myxomatosiss
29,MurlocXYZ
30,RunCodeCook
31,TikkunCreation
32,aicharades
33,ShermanTSE
34,mycall
35,bballerkt7
36,thundergolfer
37,PHEEEEELLLLLEEEEP
38,AutoModerator
39,Potential-Entrance92
40,big_gondola
41,belacscole
42,bballerkt7
43,radi-cho
44,JustSomeMemelord
45,MurlocXYZ
46,I_will_delete_myself
47,TheImminentFate
48,master3243
49,pommedeterresautee
50,alayaMatrix
51,DonRybron
52,I_will_delete_myself
53,konrradozuse
54,belacscole
55,radi-cho
56,I_will_delete_myself
57,m00nd0og
58,colugo
59,MurlocXYZ
60,CatalyzeX_code_bot
61,Just0by
62,MurlocXYZ
63,dustintran
64,dustintran
65,MurlocXYZ
66,rust_dfdx
67,SwayStar123
68,Juenjie
69,jryoungw2035
70,PHEEEEELLLLLEEEEP
71,thundergolfer
72,Dendriform1491
73,walterkronkite33
74,Worldly_Arrival_496
75,meddit_app
76,AutoModerator
77,Tight-Face-5682
78,ferndoll6677
79,vzq
80,LetGoAndBeReal
81,helliun
82,EnjoyableGamer
83,MurlocXYZ
84,ArnoF7
85,ibraheemMmoosa
86,Chamrockk
87,TikkunCreation
88,thundergolfer
89,TikkunCreation
90,M00n_Life
91,helliun
92,machineko
93,askingforhelp1111
94,ClassicSize7875
95,ClassicSize7875
96,leeliop
97,t0ns0fph0t0ns
98,AutoModerator
99,walterkronkite33
100,ArnoF7
101,MurlocXYZ
102,AutoModerator
103,somebodyenjoy
104,starfries
105,new_name_who_dis_
106,new_name_who_dis_
107,starfries
108,MiuraDude
109,TikkunCreation
110,Lampshader
111,omgpop
112,quinn_musk
113,ok531441
114,berryaroberry
115,MurlocXYZ
116,starfries
117,new_name_who_dis_
118,helliun
119,LetGoAndBeReal
120,Ronny_Jotten
121,MurlocXYZ
122,LetGoAndBeReal
123,helliun
124,thecodethinker
125,keepthepace
126,new_name_who_dis_
127,starfries
128,Illustrious_Row_9971
129,radi-cho
130,soMeone-from-AjaX
131,WholeReward9042
132,starfries
133,new_name_who_dis_
134,radi-cho
135,radi-cho
136,ajt9000
137,ghoul_chilli_pepper
138,radi-cho
139,radi-cho
140,keepthepace
141,thecodethinker
142,radi-cho
143,radi-cho
144,AutoModerator
145,patricky168
146,ghoul_chilli_pepper
147,ajt9000
148,tdgros
149,t0ns0fph0t0ns
150,ok531441
151,quinn_musk
152,AutoModerator
153,LesleyFair
154,thecodethinker
155,keepthepace
156,ProglabHelper
157,ProglabHelper
158,AutoModerator
159,ProglabHelper
160,AutoModerator
161,genolve
162,CamBG
163,ReachingForVega
164,new_name_who_dis_
165,starfries
166,currentscurrents
167,That_Violinist_18
168,ReachingForVega
169,ajt9000
170,ReachingForVega
171,CamBG
172,ReachingForVega
173,ajt9000
174,AutoModerator
175,quinn_musk
176,TikkunCreation
177,0lecinator
178,omgpop
179,Lampshader
180,ajt9000
181,zfinder
182,ajt9000
183,SUP3RGR33N
184,Lampshader
185,omgpop
186,AutoModerator
187,DementorYura
188,Lampshader
189,walter_midnight
190,Lampshader
191,omgpop
192,Zyansheep
193,lucidhominid
194,Acceptable_Code_4462
195,Gaja__
196,KKevin9772
197,Thebombdiggityy
198,ArnoF7
199,konrradozuse
200,Gaja__
201,Acceptable_Code_4462
202,Aromatic_Accident_77
203,Such_Drink_4621
204,ProfessionalOverall8
205,BlazeObsidian
206,ProfessionalOverall8
207,ProfessionalOverall8
208,lucidhominid
209,Zyansheep
210,_Arsenie_Boca_
211,supersoldierboy94
212,Furry_Jesus
213,ronoudgenoeg
214,AutoModerator
215,Mkengelo
216,lucidhominid
217,Dont_Think_So
218,konrradozuse
219,ArnoF7
220,prehensile_dick
221,t0ns0fph0t0ns
222,screaming_bagpipes
223,OnlyProductiveSubs
224,screaming_bagpipes
225,AlesioRFM
226,starfries
227,new_name_who_dis_
228,ArnoF7
229,konrradozuse
230,Feeling_Card_4162
231,KarmaQueenOfficial
232,lifesthateasy
233,ustainbolt
234,pieroit
235,Singularian2501
236,AutoModerator
237,ustainbolt
238,Urebas
239,trnka
240,Dylan_TMB
241,_Redone
242,Dylan_TMB
243,_Redone
244,new_name_who_dis_
245,starfries
246,starfries
247,new_name_who_dis_
248,EuphoricPenguin22
249,Rieux_n_Tarrou
250,No_Network_3714
251,logsinh
252,Nhabls
253,ajt9000
254,0lecinator
255,TikkunCreation
256,Tlaloc-Es
257,a_user_to_ask
258,Acceptable_Code_4462
259,Gaja__
260,shawntan
261,haukzi
262,Altruistic_Rate6053
263,fallofanempiregame
264,blackkettle
265,helliun
266,_Redone
267,big_ol_tender
268,big_ol_tender
269,_Redone
270,Zyansheep
271,ajt9000
272,Bobaloo1984
273,Gaja__
274,AutoModerator
275,Glum_Albatross_400
276,shinypenny01
277,EmmyNoetherRing
278,MrEloi
279,throwaway957280
280,AutoModerator
281,TheAgileRock
282,Dont_Think_So
283,dankvaporeon
284,YungMixtape2004
285,PigException
286,dankvaporeon
287,Gloomy_Day5305
288,TankorSmash
289,dankvaporeon
290,dataslacker
291,Nameless1995
292,dancingnightly
293,helliun
294,ronoudgenoeg
295,EmmyNoetherRing
296,Gaja__
297,FrancisStokes
298,GenericNameRandomNum
299,fallofanempiregame
300,1973DodgeChallenger
301,MysteryInc152
302,ronoudgenoeg
303,Furry_Jesus
304,FrancisStokes
305,Gaja__
306,AutoModerator
307,steve_33
308,TikkunCreation
309,big_ol_tender
310,otokkimi
311,omgpop
312,big_ol_tender
313,TikkunCreation
314,AutoModerator
315,sn71
316,The-Last-Lion-Turtle
317,_Redone
318,ajt9000
319,fmfbrestel
320,Gloomy_Day5305
321,dankvaporeon
322,beautifoolstupid
323,Rieux_n_Tarrou
324,AutoModerator
325,_Redone
326,Responsible-Item-706
327,lanky_cowriter
328,Main_Mathematician77
329,huehue12132
330,gullydowny
331,Wiskkey
332,ReginaldIII
333,helliun
334,nerdymomocat
335,maxip89
336,helliun
337,dancingnightly
338,AutoModerator
339,XyBr_ez
340,throwaway957280
341,OptimizedGarbage
342,helliun
343,blackkettle
344,squareOfTwo
345,WokeAssBaller
346,AutoModerator
347,Temporary_Roll_3466
348,helliun
349,ReginaldIII
350,blackkettle
351,helliun
352,dats_ah_numba_wang
353,amassivek
354,Rieux_n_Tarrou
355,beautifoolstupid
356,PigException
357,YungMixtape2004
358,Rieux_n_Tarrou
359,EuphoricPenguin22
360,dancingnightly
361,helliun
362,ReginaldIII
363,helliun
364,EssSocials
365,walter_midnight
366,EssSocials
367,Furry_Jesus
368,Gaja__
369,Bobaloo1984
370,omgpop
371,walter_midnight
372,kaeptnphlop
373,TikiTDO
374,fmfbrestel
375,huehue12132
376,julianmas
377,AlesioRFM
378,dankvaporeon
379,DyktMuffinManwlodl
380,Responsible-Item-706
381,AlesioRFM
382,keepthepace
383,ReadSeparate
384,liquiddandruff
385,EnderMB
386,AutoModerator
387,ResponsibilityNo914
388,DonRybron
389,noobgolang
390,the320x200
391,Commyende
392,EnderMB
393,liquiddandruff
394,EnderMB
395,new_name_who_dis_
396,KarmaQueenOfficial
397,AutoModerator
398,AutoModerator
399,Adventurous-Quote180
400,MrBeforeMyTime
401,huehue12132
402,bluePostItNote
403,Wrandraall
404,AutoModerator
405,AlexandraTheeAuthor
406,AutoModerator
407,Sensitive_Age_2284
408,redditneight
409,throwaway2676
410,SUP3RGR33N
411,DyktMuffinManwlodl
412,liquiddandruff
413,EnderMB
414,suflaj
415,mil24havoc
416,mil24havoc
417,suflaj
418,haukzi
419,shawntan
420,cantfindaname2take
421,morebikesthanbrains
422,itsmeabdullah
423,helliun
424,zyl1024
425,MadaraGodModLK69
426,MrBIMC
427,bloodmummy
428,Wiskkey
429,Wiskkey
430,cantfindaname2take
431,cajmorgans
432,DyktMuffinManwlodl
433,zfinder
434,jerha202
435,throwaway957280
436,DyktMuffinManwlodl
437,new_name_who_dis_
438,AutoModerator
439,Alarming-Recipe2857
440,Appropriate_Fish_451
441,t0ns0fph0t0ns
442,vzq
443,t0ns0fph0t0ns
444,keepthepace
445,new_name_who_dis_
446,new_name_who_dis_
447,EnderMB
448,Wrandraall
449,EmmyNoetherRing
450,new_name_who_dis_
451,keepthepace
452,Alarming-Recipe2857
453,Alarming-Recipe2857
454,new_name_who_dis_
455,CamBG
456,eskay8
457,EmmyNoetherRing
458,AutoModerator
459,Alarming-Recipe2857
460,Truntetisseman
461,ihaveibg
462,AsIAm
463,__lawless
464,AutoModerator
465,YungMixtape2004
466,TikiTDO
467,omgpop
468,__lawless
469,AsIAm
470,0x00A0C0
471,throwaway957280
472,TikiTDO
473,Commyende
474,brews
475,ajt9000
476,t0ns0fph0t0ns
477,t0ns0fph0t0ns
478,mayssi
479,CamBG
480,morebikesthanbrains
481,ajt9000
482,AsIAm
483,__lawless
484,AsIAm
485,Calm_Motor4162
486,omgpop
487,Commyende
488,walter_midnight
489,huehue12132
490,walter_midnight
491,Lampshader
492,__lawless
493,m00nd0og
494,keepthepace
495,thecodethinker
496,walter_midnight
497,Furry_Jesus
498,ArbitraryMeritocracy
499,ajt9000
500,RemindMeBot
501,aarz03
502,aarz03
503,CeFurkan
504,alexnapierholland
505,thundergolfer
506,aarz03
507,AlesioRFM
508,Disastrous_Elk_6375
509,ihaveibg
510,talkstothedark
511,CamBG
512,thecodethinker
513,keepthepace
514,bloodmummy
515,MrBIMC
516,AutoModerator
517,vinaych
518,harharveryfunny
519,SatoshiNotMe
520,serge_cell
521,Furry_Jesus
522,Commyende
523,EmmyNoetherRing
524,Commyende
525,lukemtesta
526,some_clickhead
527,zfinder
528,italianjob16
529,ZeoChill
530,EmmyNoetherRing
531,huehue12132
532,That_Violinist_18
533,currentscurrents
534,justneurostuff
535,ajt9000
536,EmmyNoetherRing
537,lukemtesta
538,Bobaloo1984
539,ajt9000
540,venustrapsflies
541,dasdull
542,EmmyNoetherRing
543,zfinder
544,__lawless
545,ihaveibg
546,SatoshiNotMe
547,seraschka
548,TheTerrasque
549,Lampshader
550,AutoModerator
551,ABDULKADER90H
552,AutoModerator
553,Puzzleheaded-Ad-5555
554,EnderMB
555,Furry_Jesus
556,SatoshiNotMe
557,throwaway957280
558,Didicito
559,sapnupuasop
560,helliun
561,helliun
562,a_user_to_ask
563,Tlaloc-Es
564,VertexMachine
565,ajt9000
566,gulliblefrog69
567,ajt9000
568,AutoModerator
569,kushal150699
570,MrBIMC
571,Furry_Jesus
572,cajmorgans
573,t0t0t4t4
574,CardboardDreams
575,huehue12132
576,omgpop
577,Lampshader
578,cajmorgans
579,Paptasje
580,groovysalamander
581,QadriShyaari
582,keepthepace
583,zfinder
584,zfinder
585,mr_birrd
586,Such_Drink_4621
587,fallofanempiregame
588,mr_birrd
589,zfinder
590,AutoModerator
591,Active_Mango_9072
592,CamBG
593,Furry_Jesus
594,zfinder
595,dasdull
596,TheBigBoy101
597,AlesioRFM
598,Lampshader
599,lukemtesta
600,lukemtesta
601,Furry_Jesus
602,aadityaura
603,Damitrix
604,Malignant-Koala
605,Gullible-Mousse-4258
606,Paptasje
607,throwaway957280
608,-Alexandros
609,johnwireds
610,Gullible-Mousse-4258
611,Disastrous_Elk_6375
612,digikar
613,throwaway957280
614,Gullible-Mousse-4258
615,Malignant-Koala
616,r4and0muser9482
617,r4and0muser9482
618,suflaj
619,sapnupuasop
620,dasdull
621,Furry_Jesus
622,suflaj
623,mil24havoc
624,beautifoolstupid
625,Rieux_n_Tarrou
626,ZeoChill
627,Furry_Jesus
628,sorgan71
629,Ubizwa
630,IcySnowy
631,AutoModerator
632,Furry_Jesus
633,ajt9000
634,QadriShyaari
635,fallofanempiregame
636,konrradozuse
637,Rhannmah
638,Damitrix
639,aadityaura
640,Usual_Neighborhood74
641,Nhabls
642,huehue12132
643,ajt9000
644,aicharades
645,aicharades
646,muntoo
647,endless_sea_of_stars
648,swappybizz
649,throwaway957280
650,MonsieurBlunt
651,aadityaura
652,BackgroundPass2082
653,Cultural-Bag-1887
654,erf_x
655,currentscurrents
656,starfries
657,A_Light_Spark
658,mikljohansson
659,TikkunCreation
660,A_Light_Spark
661,starfries
662,Ulfgardleo
663,BrotherAmazing
664,sapnupuasop
665,leonardtang
666,met0xff
667,throwaway957280
668,accidentally_myself
669,ktpr
670,humblesquirrelking
671,_sshin_
672,SwayStar123
673,throwaway957280
674,Disastrous_Elk_6375
675,Maximum-Geologist-98
676,starfries
677,A_Light_Spark
678,AutoModerator
679,uotsca
680,oskurovic
681,t0t0t4t4
682,Maximum-Geologist-98
683,throwaway957280
684,muchcharles
685,t0t0t4t4
686,No-Garlic9132
687,throwaway957280
688,No_Network_3714
689,logsinh
690,OptimizedGarbage
691,DoxxThis1
692,MysteryInc152
693,1973DodgeChallenger
694,DoxxThis1
695,OptimizedGarbage
696,AutoModerator
697,1973DodgeChallenger
698,lmericle
699,WokeAssBaller
700,AutoModerator
701,FriendshipProud1198
702,Vivid-Vibe
703,_sshin_
704,noobgolang
705,t0t0t4t4
706,Zei33
707,iFighting
708,Zei33
709,throwaway2676
710,throwaway2676
711,Zei33
712,jloverich
713,Calm_Motor4162
714,AutoModerator
715,Ferocious_Armadillo
716,AutoModerator
717,ClassicSize7875
718,A_Light_Spark
719,Trakeen
720,Downchuck
721,leonardtang
722,onlymagik
723,asdfzzz2
724,the_dreaded_OOM
725,Jean-Porte
726,MattRix
727,SatoshiNotMe
728,asdfzzz2
729,onlymagik
730,Rhannmah
731,t0t0t4t4
732,AutoModerator
733,AI4Tigray
734,AutoModerator
735,AI4Tigray
736,newpapapa1122
737,kinkhis
738,sloganking
739,Dalembert
740,OptimizedGarbage
741,throwaway957280
742,WokeAssBaller
743,throwaway957280
744,__lawless
745,wittfm
746,farmingvillein
747,impossiblefork
748,tyranids
749,jloverich
750,Franck_Dernoncourt
751,Sola_Maratha
752,AutoModerator
753,hoerzu
754,eigenham
755,currentscurrents
756,Calm_Motor4162
757,throwaway957280
758,currentscurrents
759,eigenham
760,mil24havoc
761,throwaway957280
762,__lawless
763,throwaway957280
764,jloverich
765,throwaway957280
766,wittfm
767,throwaway957280
768,BrotherAmazing
769,themusicdude1997
770,BrotherAmazing
771,Ulfgardleo
772,AutoModerator
773,Darkemflakes
774,EuphoricPenguin22
775,Rieux_n_Tarrou
776,eigenham
777,impossiblefork
778,dancingnightly
779,beautifoolstupid
780,Insecure--Login
781,londons_explorer
782,currentscurrents
783,norcalnatv
784,Chamrockk
785,seraschka
786,SweatyBicycle9758
787,_sshin_
788,SweatyBicycle9758
789,Mobile-Bird-6908
790,truchisoft
791,Verkvae
792,WildlifePhysics
793,valdanylchuk
794,impossiblefork
795,t0t0t4t4
796,integralofetothex2
797,slucker23
798,integralofetothex2
799,rjromero
800,integralofetothex2
801,2blazen
802,jms4607
803,Mobile-Bird-6908
804,integralofetothex2
805,AlesioRFM
806,_sphinxfire
807,_sshin_
808,Mobile-Bird-6908
809,maxip89
810,Mobile-Bird-6908
811,endless_sea_of_stars
812,karit00
813,nonotan
814,CallMeInfinitay
815,iFighting
816,currentscurrents
817,t0t0t4t4
818,seraschka
819,lakesObacon
820,Trakeen
821,A_Light_Spark
822,AutoModerator
823,Kodibot
824,WokeAssBaller
825,seraschka
826,lakesObacon
827,seraschka
828,JEFFREY_EPSTElN
829,answersareallyouneed
830,EdwardRaff
831,answersareallyouneed
832,lanky_cowriter
833,_sshin_
834,Meddhouib10
835,nerfcarolina
836,nerfcarolina
837,Meddhouib10
838,is_it_fun
839,Trakeen
840,Meddhouib10
841,nerfcarolina
842,BlkVeganEngineer
843,rooney119
844,nerfcarolina
845,Meddhouib10
846,currentscurrents
847,iFighting
848,_poisonedrationality
849,_sshin_
850,AutoModerator
851,KimchiFitness
852,aidenr
853,Dalembert
854,dahdarknite
855,MysteryInc152
856,currentscurrents
857,goj-145
858,bik1230
859,_sshin_
860,edunuke
861,ZestyData
862,VelveteenAmbush
863,Nearfreak
864,Rieux_n_Tarrou
865,SatoshiNotMe
866,Nhabls
867,StickiStickman
868,Rieux_n_Tarrou
869,DreamWithinAMatrix
870,le_pouding
871,AlesioRFM
872,le_pouding
873,AlesioRFM
874,mskogly
875,Verkvae
876,Iunaml
877,ktpr
878,Nearfreak
879,Trakeen
880,unobservant_bot
881,AutoModerator
882,AutoModerator
883,Darkemflakes
884,A_Light_Spark
885,Trakeen
886,mutant666br
887,_sshin_
888,Severe_Sweet_862
889,trnka
890,LetterRip
891,norcalnatv
892,Trakeen
893,radarsat1
894,trnka
895,Severe_Sweet_862
896,Trakeen
897,A_Light_Spark
898,ktpr
899,endless_sea_of_stars
900,ktpr
901,Trakeen
902,Himalun
903,norcalnatv
904,gorkem2159
905,Rubinamohsin3
906,endless_sea_of_stars
907,Iunaml
908,SatoshiNotMe
909,Rieux_n_Tarrou
910,A_Light_Spark
911,import_social-wit
912,acdjent
913,Verkvae
914,import_social-wit
915,A_Light_Spark
916,sweatierorc
917,goj-145
918,A_Light_Spark
919,Trakeen
